Link,Product ID
https://www.ulta.com/p/makeup-remover-cleansing-towelettes-fragrance-free-singles-pimprod2009500?sku=2554008,pimprod2009500
https://www.ulta.com/p/super-restorative-night-moisturizer-pimprod2033884?sku=2598904,pimprod2033884
https://www.ulta.com/p/cabanaclear-water-gel-serum-sunscreen-spf-50-pimprod2047420?sku=2631841,pimprod2047420
https://www.ulta.com/p/superactive-mattifying-oil-pore-control-moisturizer-spf-50-pimprod2050402?sku=2635510,pimprod2050402
https://www.ulta.com/p/hydro-boost-hyaluronic-acid-moisturizer-spf-50-pimprod2028420?sku=2587006,pimprod2028420
https://www.ulta.com/p/rose-deep-hydration-face-cream-pimprod2025112?sku=2584147,pimprod2025112
https://www.ulta.com/p/hydrating-core-lip-shine-pimprod2020786?sku=2574697,pimprod2020786
https://www.ulta.com/p/barrier-repair-eye-cream-pimprod2049855?sku=2635367,pimprod2049855
https://www.ulta.com/p/anthelios-cooling-water-lotion-sunscreen-spf-60-pimprod2032917?sku=2599140,pimprod2032917
https://www.ulta.com/p/milk-drops-ceramide-serum-pimprod2017547?sku=2569233,pimprod2017547
https://www.ulta.com/p/super-c-retinol-brighten-correct-vitamin-c-serum-pimprod2017664?sku=2568087,pimprod2017664
https://www.ulta.com/p/wonder-ceramide-mochi-hydrogel-eye-patches-pimprod2043029?sku=2619653,pimprod2043029
https://www.ulta.com/p/retinal-resculpt-overnight-treatment-pimprod2038231?sku=2607641,pimprod2038231
https://www.ulta.com/p/milky-hydrating-face-toner-with-snow-mushroom-hyaluronic-acid-pimprod2041557?sku=2615538,pimprod2041557
https://www.ulta.com/p/phyto-nature-firming-serum-pimprod2008503?sku=2549592,pimprod2008503
https://www.ulta.com/p/matcha-cleanse-daily-clarifying-gel-cleanser-pimprod2049115?sku=2634180,pimprod2049115
https://www.ulta.com/p/travel-size-facial-radiance-pads-with-glycolic-lactic-acids-pimprod2040112?sku=2611954,pimprod2040112
https://www.ulta.com/p/moisturizing-cream-with-pump-sensitive-skin-pimprod2042406?sku=2619667,pimprod2042406
https://www.ulta.com/p/mini-petite-facial-toning-microcurrent-kit-pimprod2034724?sku=2599551,pimprod2034724
https://www.ulta.com/p/silk-peony-line-smoothing-eye-cream-pimprod2049118?sku=2634181,pimprod2049118
https://www.ulta.com/p/face-mini-illuminating-self-tan-drops-pimprod2034183?sku=2601143,pimprod2034183
https://www.ulta.com/p/dewy-serum-hyaluronic-acid-collagen-amino-acid-serum-pimprod2049175?sku=2634105,pimprod2049175
https://www.ulta.com/p/age-reverse-rebuild-5-firming-moisturizing-face-cream-pimprod2022908?sku=2577622,pimprod2022908
https://www.ulta.com/p/2-hr-express-self-tanning-mousse-dark-rose-pimprod2037556?sku=2608535,pimprod2037556
https://www.ulta.com/p/luna-retinol-sleeping-night-oil-pimprod2007864?sku=2550153,pimprod2007864
https://www.ulta.com/p/moisturizing-lip-balm-spf-30-pimprod2049277?sku=2635067,pimprod2049277
https://www.ulta.com/p/face-sunscreen-kit-pimprod2051594?sku=2637919,pimprod2051594
https://www.ulta.com/p/radiant-tone-night-cream-dark-spot-corrector-pimprod2049164?sku=2634617,pimprod2049164
https://www.ulta.com/p/jelly-bomb-lip-balm-pimprod2046330?sku=2620109,pimprod2046330
https://www.ulta.com/p/renergie-hcf-triple-serum-discovery-skincare-gift-set-pimprod2050357?sku=2636223,pimprod2050357
https://www.ulta.com/p/heartleaf-77-clear-pad-pimprod2048930?sku=2634909,pimprod2048930
https://www.ulta.com/p/ice-ceramide-moisturizing-cream-pimprod2014068?sku=2559449,pimprod2014068
https://www.ulta.com/p/overnight-exfoliating-treatment-pimprod2023930?sku=2582310,pimprod2023930
https://www.ulta.com/p/truth-serum-hydrating-vitamin-c-serum-pimprod2042279?sku=2617218,pimprod2042279
https://www.ulta.com/p/bha-liquid-exfoliant-2-pimprod2045648?sku=2627284,pimprod2045648
https://www.ulta.com/p/rice-dough-smoothing-facial-scrub-pimprod2048075?sku=2631278,pimprod2048075
https://www.ulta.com/p/pure-protect-mineral-sunscreen-stick-spf-50-pimprod2049888?sku=2634094,pimprod2049888
https://www.ulta.com/p/loving-tan-deluxe-tan-remover-pimprod2032104?sku=2594885,pimprod2032104
https://www.ulta.com/p/super-restorative-day-moisturizer-pimprod2033883?sku=2598903,pimprod2033883
https://www.ulta.com/p/vitamin-c-facial-serum-sensitive-skin-pimprod2042399?sku=2619673,pimprod2042399
https://www.ulta.com/p/rosewater-refreshing-facial-mist-pimprod2006821?sku=2548789,pimprod2006821
https://www.ulta.com/p/mini-good-genes-all-in-one-lactic-acid-treatment-pimprod2038065?sku=2597808,pimprod2038065
https://www.ulta.com/p/undaria-body-dynamic-duo-pimprod2039710?sku=2612847,pimprod2039710
https://www.ulta.com/p/toleriane-dermallergo-eye-cream-repair-moisturizer-dry-skin-pimprod2002093?sku=2539630,pimprod2002093
https://www.ulta.com/p/moisture-surge-lip-hydro-plump-treatment-lip-balm-pimprod2008736?sku=2549347,pimprod2008736
https://www.ulta.com/p/juicy-bomb-glossy-butter-balm-pimprod2049015?sku=2633172,pimprod2049015
https://www.ulta.com/p/plus-one-tinted-daily-mineral-sunscreen-broad-spectrum-spf-40-pimprod2041039?sku=2616745,pimprod2041039
https://www.ulta.com/p/blemish-begone-acne-prevention-kit-pimprod2049959?sku=2634734,pimprod2049959
https://www.ulta.com/p/dynamic-resurfacing-facial-pads-pimprod2034133?sku=2597478,pimprod2034133
https://www.ulta.com/p/banana-bright-15-vitamin-c-dark-spot-serum-pimprod2042277?sku=2617216,pimprod2042277
https://www.ulta.com/p/amazing-shimmer-browning-formula-pimprod2043253?sku=2619712,pimprod2043253
https://www.ulta.com/p/self-tanning-mist-pimprod2039025?sku=2611575,pimprod2039025
https://www.ulta.com/p/instant-vacation-browning-lotion-spf30-body-sunscreen-pimprod2043686?sku=2620523,pimprod2043686
https://www.ulta.com/p/vitamin-c-23-serum-with-super-vitamin-e-hyaluronic-acid-pimprod2038195?sku=2607694,pimprod2038195
https://www.ulta.com/p/vitamin-c-suspension-23-ha-spheres-2-serum-with-pure-l-ascorbic-acid-pimprod2007129?sku=2551175,pimprod2007129
https://www.ulta.com/p/tonique-confort-hydrating-hyaluronic-acid-toner-pimprod2049567?sku=2632964,pimprod2049567
https://www.ulta.com/p/maximum-strength-acne-foaming-cream-wash-with-10-bpo-face-body-pimprod2039906?sku=2611319,pimprod2039906
https://www.ulta.com/p/hydro-boost-hyaluronic-acid-water-cream-fragrance-free-pimprod2041040?sku=2615560,pimprod2041040
https://www.ulta.com/p/yuzu-blemish-gel-cream-pimprod2050403?sku=2635817,pimprod2050403
https://www.ulta.com/p/anti-wrinkle-peptide-plump-line-filling-bounce-serum-pimprod2036306?sku=2603502,pimprod2036306
https://www.ulta.com/p/retinol-collagen-lifting-pad-pimprod2045860?sku=2626997,pimprod2045860
https://www.ulta.com/p/dew-glow-moisturizer-spf-50-pimprod2045649?sku=2627346,pimprod2045649
https://www.ulta.com/p/kissu-lip-tint-spf-25-tinted-lip-sunscreen-pimprod2049084?sku=2634108,pimprod2049084
https://www.ulta.com/p/granactive-retinoid-2-emulsion-wrinkles-uneven-texture-pimprod2007125?sku=2551170,pimprod2007125
https://www.ulta.com/p/twist-tint-color-shifting-lip-cheek-stick-pimprod2046332?sku=2624304,pimprod2046332
https://www.ulta.com/p/wonder-ceramide-mochi-toner-pimprod2026841?sku=2586399,pimprod2026841
https://www.ulta.com/p/clinique-smart-clinical-repair-wrinkle-correcting-rich-face-cream-pimprod2033121?sku=2598028,pimprod2033121
https://www.ulta.com/p/make-it-matte-sunscreen-spf-45-pimprod2030390?sku=2592310,pimprod2030390
https://www.ulta.com/p/oil-foam-total-cleanser-pimprod2038539?sku=2609327,pimprod2038539
https://www.ulta.com/p/facial-moisturizer-broad-spectrum-mineral-spf-30-pimprod2042402?sku=2619672,pimprod2042402
https://www.ulta.com/p/hydro-boost-gel-cream-fragrance-free-moisturizer-pimprod2041883?sku=2615397,pimprod2041883
https://www.ulta.com/p/instant-glow-face-body-bronzer-makeup-pimprod2031120?sku=2592029,pimprod2031120
https://www.ulta.com/p/clarifying-serum-with-tri-ceramide-complex-pimprod2034806?sku=2601334,pimprod2034806
https://www.ulta.com/p/pure-cleansing-facial-oil-pimprod2045875?sku=2626991,pimprod2045875
https://www.ulta.com/p/travel-b-glossy-smoothing-body-serum-pimprod2042964?sku=2620329,pimprod2042964
https://www.ulta.com/p/travel-size-heartleaf-pore-control-cleansing-oil-pimprod2049598?sku=2635547,pimprod2049598
https://www.ulta.com/p/after-sun-cool-down-gel-pimprod2049518?sku=2635071,pimprod2049518
https://www.ulta.com/p/lip-repair-stick-spf-30-pimprod2032085?sku=2594843,pimprod2032085
https://www.ulta.com/p/age-perfect-cell-renewal-midnight-cream-pimprod2040387?sku=2613663,pimprod2040387
https://www.ulta.com/p/tlc-framboos-glycolic-resurfacing-night-serum-pimprod2028063?sku=2588445,pimprod2028063
https://www.ulta.com/p/go-bed-with-me-complete-anti-aging-night-routine-pimprod2039396?sku=2610063,pimprod2039396
https://www.ulta.com/p/even-better-light-reflecting-primer-pimprod2038787?sku=2607978,pimprod2038787
https://www.ulta.com/p/hyper-real-skincanvas-balm-moisturizing-cream-pimprod2037107?sku=2605398,pimprod2037107
https://www.ulta.com/p/skin-school-supplies-smooth-renew-lab-anti-aging-skincare-set-pimprod2037474?sku=2604495,pimprod2037474
https://www.ulta.com/p/umbra-mineral-cream-spf-30-tinted-face-sunscreen-pimprod2045266?sku=2622999,pimprod2045266
https://www.ulta.com/p/daily-milkfoliant-exfoliator-pimprod2032536?sku=2595547,pimprod2032536
https://www.ulta.com/p/retinal-resculpt-body-lift-treatment-pimprod2049025?sku=2631736,pimprod2049025
https://www.ulta.com/p/acne-foaming-cream-cleanser-with-4-bpo-acne-prone-skin-pimprod2012167?sku=2556948,pimprod2012167
https://www.ulta.com/p/snail-rescue-purifying-cleanser-pimprod2033311?sku=2597526,pimprod2033311
https://www.ulta.com/p/vitamin-c-super-serum-plus-pimprod2045644?sku=2627281,pimprod2045644
https://www.ulta.com/p/ultimate-bundle-hypochlorous-acid-spray-pimprod2048765?sku=2630367,pimprod2048765
https://www.ulta.com/p/plumped-up-pout-lip-balm-pimprod2043299?sku=2612339,pimprod2043299
https://www.ulta.com/p/hydrating-lip-balm-pimprod2050675?sku=2636692,pimprod2050675
https://www.ulta.com/p/sun-shield-on-glow-sheer-stick-sunscreen-spf-40-pimprod2043794?sku=2618936,pimprod2043794
https://www.ulta.com/p/play-antioxidant-body-sunscreen-mist-with-vitamin-c-spf-30-pimprod2030600?sku=2589801,pimprod2030600
https://www.ulta.com/p/age-support-set-with-peptides-pimprod2051260?sku=2637167,pimprod2051260
https://www.ulta.com/p/bestsellers-set-face-body-pimprod2038432?sku=2609119,pimprod2038432
https://www.ulta.com/p/hydro-boost-water-gel-refillable-jar-refill-pod-pimprod2043020?sku=2620419,pimprod2043020
https://www.ulta.com/p/luminous-dewy-skin-mist-2-in-1-hydrator-finishing-spray-pimprod2049098?sku=2634124,pimprod2049098
https://www.ulta.com/p/16-pure-vitamin-c-brightening-serum-pimprod2046283?sku=2625745,pimprod2046283
https://www.ulta.com/p/travel-size-milk-shake-hyaluronic-acid-squalane-facial-toner-mist-pimprod2039548?sku=2611431,pimprod2039548
https://www.ulta.com/p/travel-size-lipikar-wash-ap-gentle-foaming-moisturizing-wash-pimprod2050755?sku=2633771,pimprod2050755
https://www.ulta.com/p/gentle-skin-cleanser-face-wash-sensitive-skin-pimprod2028662?sku=2586968,pimprod2028662
https://www.ulta.com/p/madagascar-centella-hyalu-cica-moisture-cream-pimprod2045883?sku=2626857,pimprod2045883
https://www.ulta.com/p/all-day-hydration-skincare-starter-set-pimprod2047174?sku=2628917,pimprod2047174
https://www.ulta.com/p/hydra-zen-gel-cream-pimprod2048794?sku=2630779,pimprod2048794
https://www.ulta.com/p/retinal-all-renewing-serum-pimprod2036439?sku=2603245,pimprod2036439
https://www.ulta.com/p/transparen-c-pro-brightening-moisturizer-pimprod2046060?sku=2627013,pimprod2046060
https://www.ulta.com/p/super-c-spf-30-vitamin-c-moisturizer-pimprod2022788?sku=2574715,pimprod2022788
https://www.ulta.com/p/cheektone-lip-tone-ph-duo-set-pimprod2050542?sku=2636144,pimprod2050542
https://www.ulta.com/p/vitamin-c-bright-eyes-hydro-gel-patches-pimprod2011618?sku=2556743,pimprod2011618
https://www.ulta.com/p/multi-active-day-moisturizer-lines-glow-with-niacinamide-pimprod2043929?sku=2620943,pimprod2043929
https://www.ulta.com/p/plant-based-hydrating-makeup-removing-face-wipes-all-skin-types-pimprod2030177?sku=2591828,pimprod2030177
https://www.ulta.com/p/protect-go-dewy-glow-sunscreen-stick-spf-50-pimprod2050104?sku=2635493,pimprod2050104
https://www.ulta.com/p/biolumin-c-vitamin-c-gel-moisturizer-pimprod2026418?sku=2583209,pimprod2026418
https://www.ulta.com/p/classic-body-organic-sunscreen-spray-spf-30-tropical-coconut-pimprod2030786?sku=2592674,pimprod2030786
https://www.ulta.com/p/radiant-tone-daily-face-lotion-spf-30-dark-spot-corrector-pimprod2049163?sku=2634616,pimprod2049163
https://www.ulta.com/p/c-luma-hydrabright-gentle-vitamin-c-serum-pimprod2045849?sku=2624748,pimprod2045849
https://www.ulta.com/p/uv-expert-supra-screen-invisible-sunscreen-serum-spf-50-pimprod2051033?sku=2634828,pimprod2051033
https://www.ulta.com/p/true-cream-moisturizing-bomb-pimprod2043261?sku=2619877,pimprod2043261
https://www.ulta.com/p/litlift-led-sculpt-facial-tool-pimprod2049967?sku=2636495,pimprod2049967
https://www.ulta.com/p/take-day-off-facial-cleansing-mousse-cleanser-pimprod2042538?sku=2616986,pimprod2042538
https://www.ulta.com/p/essentials-sonic-dermaplaning-refill-kit-pimprod2033291?sku=2597736,pimprod2033291
https://www.ulta.com/p/orange-gelee-spf-30-sunscreen-gel-pimprod2044868?sku=2623026,pimprod2044868
https://www.ulta.com/p/anthelios-uv-tone-sunscreen-spf-50-with-niacinamide-pimprod2049739?sku=2634598,pimprod2049739
https://www.ulta.com/p/ceo-afterglow-brightening-vitamin-c-cream-pimprod2032040?sku=2596206,pimprod2032040
https://www.ulta.com/p/triple-c-night-cream-pimprod2014586?sku=2564736,pimprod2014586
https://www.ulta.com/p/acne-foaming-cleanser-pimprod2035666?sku=2601250,pimprod2035666
https://www.ulta.com/p/hydro-star-classic-pimple-patches-pimprod2048851?sku=2631428,pimprod2048851
https://www.ulta.com/p/advanced-snail-hydrogel-mask-pimprod2049688?sku=2634737,pimprod2049688
https://www.ulta.com/p/superactive-brightening-moisturizer-spf-50-with-vitamin-c-pimprod2050239?sku=2635515,pimprod2050239
https://www.ulta.com/p/get-cheeky-enriched-cellulite-oil-pimprod2034138?sku=2598136,pimprod2034138
https://www.ulta.com/p/alcohol-free-no-rinse-hydrating-facial-toner-sensitive-dry-skin-pimprod2030178?sku=2591829,pimprod2030178
https://www.ulta.com/p/snail-rescue-all-in-one-deep-moisture-cream-pimprod2033309?sku=2597524,pimprod2033309
https://www.ulta.com/p/cicaplast-b5-soothing-repair-spray-dry-skin-pimprod2049736?sku=2633772,pimprod2049736
https://www.ulta.com/p/madagascar-centella-ampoule-foam-pimprod2045881?sku=2626855,pimprod2045881
https://www.ulta.com/p/moisture-surge-eye-96-hour-hydro-filler-concentrate-pimprod2006273?sku=2544071,pimprod2006273
https://www.ulta.com/p/every-single-face-watery-lotion-spf-50-pimprod2032491?sku=2595519,pimprod2032491
https://www.ulta.com/p/transparen-c-pro-spot-treatment-pimprod2022628?sku=2568436,pimprod2022628
https://www.ulta.com/p/salicylic-acid-2-masque-clarifying-charcoal-clay-mask-blemish-prone-skin-pimprod2009233?sku=2555749,pimprod2009233
https://www.ulta.com/p/mini-water-cream-oil-free-pore-minimizing-moisturizer-pimprod2049112?sku=2634102,pimprod2049112
https://www.ulta.com/p/collagen-cushion-peptide-lip-balm-pimprod2046039?sku=2627014,pimprod2046039
https://www.ulta.com/p/niacinamide-serum-12-plus-zinc-2-pimprod2045637?sku=2627243,pimprod2045637
https://www.ulta.com/p/self-tanning-body-milk-pimprod2046720?sku=2630549,pimprod2046720
https://www.ulta.com/p/dark-spot-microdarts-pimprod2018405?sku=2567107,pimprod2018405
https://www.ulta.com/p/cicaplast-b5-lip-balm-dry-lips-pimprod2040232?sku=2611317,pimprod2040232
https://www.ulta.com/p/moisturizing-lotion-hydrating-body-moisturizer-pimprod2028656?sku=2605916,pimprod2028656
https://www.ulta.com/p/mandelic-acid-serum-pimprod2046095?sku=2625933,pimprod2046095
https://www.ulta.com/p/hope-in-a-jar-smooth-glow-multi-tasking-moisturizer-spf-30-pimprod2037931?sku=2605578,pimprod2037931
https://www.ulta.com/p/golden-hour-essentials-pimprod2052007?sku=2638016,pimprod2052007
https://www.ulta.com/p/toleriane-dermallergo-soothing-repair-moisturizer-sensitive-skin-pimprod2002095?sku=2539629,pimprod2002095
https://www.ulta.com/p/ceo-vitamin-c-rich-hydration-moisturizing-cream-pimprod2007850?sku=2550166,pimprod2007850
https://www.ulta.com/p/multivitamin-power-recovery-cream-pimprod2049101?sku=2633649,pimprod2049101
https://www.ulta.com/p/travel-size-heartleaf-quercetinol-pore-deep-cleansing-foam-pimprod2049599?sku=2635548,pimprod2049599
https://www.ulta.com/p/daywear-moisturizer-anti-oxidant-72h-hydration-sorbet-cream-spf-15-pimprod2003423?sku=2541047,pimprod2003423
https://www.ulta.com/p/double-duty-beauty-base-tape-hydrating-primer-pimprod2002687?sku=2538321,pimprod2002687
https://www.ulta.com/p/confidence-in-a-gel-cream-oil-free-moisturizer-pimprod2042623?sku=2617433,pimprod2042623
https://www.ulta.com/p/cabanaglow-mineral-glow-drops-spf-50-sunscreen-pimprod2046008?sku=2629769,pimprod2046008
https://www.ulta.com/p/holy-hydration-triple-bounce-serum-pimprod2036595?sku=2605492,pimprod2036595
https://www.ulta.com/p/crepe-control-tightening-body-cream-pimprod2014479?sku=2561150,pimprod2014479
https://www.ulta.com/p/acne-banishing-body-spray-pimprod2045744?sku=2625764,pimprod2045744
https://www.ulta.com/p/derm-correxion-lip-volumizer-pimprod2049758?sku=2633391,pimprod2049758
https://www.ulta.com/p/snail-rescue-all-in-one-oil-free-moisturizer-pimprod2018393?sku=2567117,pimprod2018393
https://www.ulta.com/p/bright-icon-vitamin-c-e-ferulic-serum-pimprod2052406?sku=2640211,pimprod2052406
https://www.ulta.com/p/even-tone-cleansing-bar-3-in-1-treatment-pimprod2004077?sku=2542181,pimprod2004077
https://www.ulta.com/p/one-step-gentle-exfoliating-cleanser-pimprod2043935?sku=2620948,pimprod2043935
https://www.ulta.com/p/peptide-plump-collagen-cushion-cream-pimprod2049555?sku=2634607,pimprod2049555
https://www.ulta.com/p/everyday-gradual-tanning-milk-body-moisturizer-pimprod2016571?sku=2569568,pimprod2016571
https://www.ulta.com/p/ultra-hydrating-facial-oil-pimprod2024576?sku=2583062,pimprod2024576
https://www.ulta.com/p/unseen-sunscreen-body-spf-40-invisible-sun-protection-pimprod2038031?sku=2606364,pimprod2038031
https://www.ulta.com/p/overnight-star-night-cream-pimprod2008642?sku=2550582,pimprod2008642
https://www.ulta.com/p/hydrating-foaming-oil-cleanser-water-based-face-wash-dry-skin-pimprod2039907?sku=2611324,pimprod2039907
https://www.ulta.com/p/glow-oil-spf-50-scented-body-oil-limited-edition-pimprod2051640?sku=2639236,pimprod2051640
https://www.ulta.com/p/extra-lip-tint-sheer-oil-infused-lip-balm-pimprod2038348?sku=2606435,pimprod2038348
https://www.ulta.com/p/confidence-in-a-cream-barrier-boost-skin-barrier-repair-daily-moisturizer-pimprod2049032?sku=2633016,pimprod2049032
https://www.ulta.com/p/ingrown-eliminator-serum-rollerball-pimprod2039186?sku=2610554,pimprod2039186
https://www.ulta.com/p/express-self-tan-mousse-pimprod2012407?sku=2560916,pimprod2012407
https://www.ulta.com/p/chardonnay-spf30-lip-oil-pimprod2043687?sku=2620560,pimprod2043687
https://www.ulta.com/p/advanced-genifique-night-cream-pimprod2034810?sku=2601561,pimprod2034810
https://www.ulta.com/p/maracuja-juicy-shift-pimprod2039631?sku=2610359,pimprod2039631
https://www.ulta.com/p/glow-starts-here-bestselling-skin-essentials-kit-pimprod2024933?sku=2580288,pimprod2024933
https://www.ulta.com/p/mini-rice-wash-skin-softening-cleanser-pimprod2049117?sku=2634178,pimprod2049117
https://www.ulta.com/p/hydrating-mineral-sunscreen-lotion-face-spf-50-all-skin-types-pimprod2003660?sku=2540955,pimprod2003660
https://www.ulta.com/p/bright-set-with-glycolic-acid-pimprod2047986?sku=2630451,pimprod2047986
https://www.ulta.com/p/classic-spray-spf-30-sunscreen-pimprod2032500?sku=2595586,pimprod2032500
https://www.ulta.com/p/sugarlips-lip-butter-pimprod2043475?sku=2621334,pimprod2043475
https://www.ulta.com/p/tranexamic-topical-acid-5-pimprod2045655?sku=2627359,pimprod2045655
https://www.ulta.com/p/jelly-lip-melt-treatment-pimprod2032169?sku=2593592,pimprod2032169
https://www.ulta.com/p/ahabha-exfoliating-cleanser-pimprod2049019?sku=2631727,pimprod2049019
https://www.ulta.com/p/salicylic-acid-2-anhydrous-solution-gentle-exfoliating-serum-blemishes-pimprod2029951?sku=2590731,pimprod2029951
https://www.ulta.com/p/glow-into-spring-pimprod2051719?sku=2636257,pimprod2051719
https://www.ulta.com/p/skin-transforming-cocoshea-3-piece-kit-pimprod2025803?sku=2585297,pimprod2025803
https://www.ulta.com/p/cicaplast-balm-b5-uv-soothing-therapeutic-multi-purpose-cream-spf-50-pimprod2046256?sku=2625718,pimprod2046256
https://www.ulta.com/p/clean-it-zero-original-cleansing-balm-pimprod2009043?sku=2555801,pimprod2009043
https://www.ulta.com/p/retinol-youth-renewal-night-cream-pimprod2012954?sku=2556346,pimprod2012954
https://www.ulta.com/p/watermide-moisture-pad-pimprod2045861?sku=2626999,pimprod2045861
https://www.ulta.com/p/chardonnay-oil-spf-30-sunscreen-pimprod2037343?sku=2606802,pimprod2037343
https://www.ulta.com/p/bright-as-day-sheer-mineral-sunscreen-spf-50-pimprod2045118?sku=2623888,pimprod2045118
https://www.ulta.com/p/glow-your-own-way-tan-gel-pimprod2030814?sku=2592304,pimprod2030814
https://www.ulta.com/p/wake-up-call-under-eye-patches-pimprod2046221?sku=2616690,pimprod2046221
https://www.ulta.com/p/daily-oil-free-facial-moisturizer-spf-35-pimprod2028657?sku=2586964,pimprod2028657
https://www.ulta.com/p/on-go-best-sellers-travel-kit-pimprod2034255?sku=2598898,pimprod2034255
https://www.ulta.com/p/24-7-ultra-hydration-triple-hydra-complex-day-night-serum-pimprod2037800?sku=2606765,pimprod2037800
https://www.ulta.com/p/balmy-tint-hydrating-lip-balm-pimprod2047210?sku=2629329,pimprod2047210
https://www.ulta.com/p/benefiance-wrinkle-smoothing-day-cream-spf-23-pimprod2008182?sku=2549750,pimprod2008182
https://www.ulta.com/p/uv-plus-anti-pollution-tinted-face-sunscreen-spf-50-pimprod2046107?sku=2626930,pimprod2046107
https://www.ulta.com/p/firming-cream-with-peptides-niacinamide-collagen-pimprod2048138?sku=2632108,pimprod2048138
https://www.ulta.com/p/hydrating-gel-moisturizer-with-electrolytes-pimprod2049478?sku=2630332,pimprod2049478
https://www.ulta.com/p/glow-stick-sunscreen-spf-50-pa-pimprod2029935?sku=2589383,pimprod2029935
https://www.ulta.com/p/meltdown-oil-acne-prone-skin-pimprod2024300?sku=2579265,pimprod2024300
https://www.ulta.com/p/travel-size-ultra-repair-cream-intense-hydration-pimprod2013850?sku=2559167,pimprod2013850
https://www.ulta.com/p/soft-launch-hydrating-cream-cleanser-pimprod2046687?sku=2626625,pimprod2046687
https://www.ulta.com/p/stainless-steel-non-porous-gua-sha-pimprod2028594?sku=2588695,pimprod2028594
https://www.ulta.com/p/clarify-cleanse-bar-pimprod2025519?sku=2582411,pimprod2025519
https://www.ulta.com/p/porefessional-deep-retreat-pore-clearing-clay-mask-pimprod2038018?sku=2606908,pimprod2038018
https://www.ulta.com/p/hydrating-hyaluronic-acid-face-serum-with-vitamin-b5-dry-skin-pimprod2002096?sku=2540675,pimprod2002096
